Designator,Mid X,Mid Y,Rotation,Layer
C1,134.3282,-39.9796,0.0,top
C2,148.9456,-39.9796,0.0,top
D1,128.2216,-56.4659,90.0,top
D2,130.8116,-56.4659,90.0,top
D3,133.4016,-56.4659,90.0,top
D4,135.9916,-56.4659,90.0,top
D5,138.5816,-56.4659,90.0,top
D6,141.1716,-56.4659,90.0,top
D7,143.7616,-56.4659,90.0,top
D8,146.3516,-56.4659,90.0,top
J1,137.2108,-48.2854,0.0,bottom
J2,122.5296,-47.5234,0.0,bottom
J3,151.7396,-47.5234,0.0,bottom
RN1,124.714,-56.6183,270.0,top
RN2,149.852,-56.5912,90.0,top
U1,129.9037,-47.0154,0.0,top
U2,144.5341,-47.0154,0.0,top
